{
  "target_dataset": "rockyou",
  "attacker_dataset": "hashmob_counts",
  "k": 20,
  "t1": 1,
  "t2": null,
  "seed": 42,
  "train_size": 5000,
  "num_users": 200,
  "epsilon_flatness": 0.1329938203228932,
  "attack_success_rate": 0.14,
  "flatness_graph": [
    14,
    3,
    1,
    14,
    14,
    1,
    12,
    1,
    5,
    10,
    16,
    14,
    6,
    20,
    5,
    9,
    18,
    14,
    20,
    10,
    20,
    4,
    2,
    2,
    6,
    8,
    5,
    3,
    10,
    4,
    17,
    1,
    17,
    15,
    6,
    1,
    10,
    18,
    1,
    9,
    15,
    15,
    2,
    20,
    19,
    18,
    15,
    10,
    7,
    20,
    3,
    15,
    5,
    3,
    12,
    1,
    14,
    15,
    3,
    19,
    6,
    16,
    1,
    2,
    1,
    12,
    3,
    16,
    6,
    15,
    17,
    13,
    15,
    1,
    16,
    9,
    17,
    17,
    4,
    5,
    14,
    6,
    7,
    7,
    20,
    18,
    19,
    9,
    19,
    20,
    5,
    20,
    17,
    5,
    13,
    3,
    1,
    1,
    10,
    4,
    1,
    19,
    9,
    1,
    15,
    3,
    4,
    1,
    12,
    1,
    3,
    3,
    1,
    1,
    5,
    7,
    11,
    9,
    7,
    3,
    15,
    3,
    4,
    11,
    13,
    9,
    12,
    13,
    15,
    1,
    16,
    17,
    17,
    8,
    8,
    18,
    11,
    8,
    8,
    2,
    2,
    13,
    8,
    2,
    16,
    4,
    5,
    15,
    17,
    17,
    13,
    18,
    12,
    3,
    12,
    18,
    3,
    15,
    14,
    11,
    17,
    17,
    13,
    7,
    15,
    5,
    7,
    9,
    1,
    6,
    8,
    12,
    2,
    5,
    1,
    2,
    1,
    1,
    2,
    1,
    2,
    2,
    10,
    3,
    1,
    6,
    1,
    19,
    12,
    2,
    7,
    13,
    1,
    2,
    4,
    3,
    12,
    1,
    4,
    11
  ],
  "cracked_by_t1": [
    28,
    42,
    58,
    67,
    78,
    86,
    94,
    101,
    109,
    116,
    121,
    131,
    139,
    147,
    161,
    167,
    179,
    186,
    192,
    200
  ],
  "attack_stats": {
    "total_users": 200,
    "cracked_users": 28,
    "cracked_percent": 14.000000000000002,
    "total_guesses": 200,
    "failed_guesses": 172,
    "successful_guesses": 28,
    "mean_guesses_to_crack": 1.0,
    "mean_failures_before_crack": 0.0,
    "success_curve": [
      [
        1,
        0
      ],
      [
        2,
        0
      ],
      [
        3,
        0
      ],
      [
        3,
        1
      ],
      [
        3,
        2
      ],
      [
        4,
        2
      ],
      [
        5,
        2
      ],
      [
        6,
        2
      ],
      [
        6,
        3
      ],
      [
        6,
        4
      ],
      [
        6,
        5
      ],
      [
        7,
        5
      ],
      [
        7,
        6
      ],
      [
        8,
        6
      ],
      [
        9,
        6
      ],
      [
        10,
        6
      ],
      [
        11,
        6
      ],
      [
        12,
        6
      ],
      [
        13,
        6
      ],
      [
        14,
        6
      ],
      [
        14,
        7
      ],
      [
        14,
        8
      ],
      [
        14,
        9
      ],
      [
        15,
        9
      ],
      [
        15,
        10
      ],
      [
        16,
        10
      ],
      [
        17,
        10
      ],
      [
        18,
        10
      ],
      [
        19,
        10
      ],
      [
        20,
        10
      ],
      [
        21,
        10
      ],
      [
        22,
        10
      ],
      [
        23,
        10
      ],
      [
        24,
        10
      ],
      [
        24,
        11
      ],
      [
        24,
        12
      ],
      [
        24,
        13
      ],
      [
        24,
        14
      ],
      [
        25,
        14
      ],
      [
        25,
        15
      ],
      [
        26,
        15
      ],
      [
        27,
        15
      ],
      [
        28,
        15
      ],
      [
        29,
        15
      ],
      [
        30,
        15
      ],
      [
        31,
        15
      ],
      [
        32,
        15
      ],
      [
        33,
        15
      ],
      [
        34,
        15
      ],
      [
        35,
        15
      ],
      [
        36,
        15
      ],
      [
        37,
        15
      ],
      [
        38,
        15
      ],
      [
        38,
        16
      ],
      [
        38,
        17
      ],
      [
        39,
        17
      ],
      [
        40,
        17
      ],
      [
        41,
        17
      ],
      [
        42,
        17
      ],
      [
        43,
        17
      ],
      [
        44,
        17
      ],
      [
        45,
        17
      ],
      [
        46,
        17
      ],
      [
        47,
        17
      ],
      [
        48,
        17
      ],
      [
        49,
        17
      ],
      [
        50,
        17
      ],
      [
        51,
        17
      ],
      [
        52,
        17
      ],
      [
        53,
        17
      ],
      [
        54,
        17
      ],
      [
        55,
        17
      ],
      [
        56,
        17
      ],
      [
        57,
        17
      ],
      [
        58,
        17
      ],
      [
        59,
        17
      ],
      [
        60,
        17
      ],
      [
        61,
        17
      ],
      [
        62,
        17
      ],
      [
        63,
        17
      ],
      [
        64,
        17
      ],
      [
        65,
        17
      ],
      [
        66,
        17
      ],
      [
        67,
        17
      ],
      [
        68,
        17
      ],
      [
        69,
        17
      ],
      [
        70,
        17
      ],
      [
        71,
        17
      ],
      [
        71,
        18
      ],
      [
        72,
        18
      ],
      [
        73,
        18
      ],
      [
        74,
        18
      ],
      [
        75,
        18
      ],
      [
        76,
        18
      ],
      [
        77,
        18
      ],
      [
        78,
        18
      ],
      [
        79,
        18
      ],
      [
        80,
        18
      ],
      [
        81,
        18
      ],
      [
        82,
        18
      ],
      [
        83,
        18
      ],
      [
        84,
        18
      ],
      [
        85,
        18
      ],
      [
        86,
        18
      ],
      [
        86,
        19
      ],
      [
        87,
        19
      ],
      [
        88,
        19
      ],
      [
        89,
        19
      ],
      [
        90,
        19
      ],
      [
        91,
        19
      ],
      [
        92,
        19
      ],
      [
        93,
        19
      ],
      [
        94,
        19
      ],
      [
        95,
        19
      ],
      [
        96,
        19
      ],
      [
        96,
        20
      ],
      [
        97,
        20
      ],
      [
        98,
        20
      ],
      [
        99,
        20
      ],
      [
        100,
        20
      ],
      [
        101,
        20
      ],
      [
        102,
        20
      ],
      [
        103,
        20
      ],
      [
        104,
        20
      ],
      [
        105,
        20
      ],
      [
        106,
        20
